Order_Id,Order_Date,Quantity,Status
1,2013-07-25 00:00:00,11599,CLOSED
2,2013-07-25 00:00:00,256,PENDING_PAYMENT
3,2013-07-25 00:00:00,12111,COMPLETE
4,2013-07-25 00:00:00,8827,CLOSED
5,2013-07-25 00:00:00,11318,COMPLETE
6,2013-07-25 00:00:00,7130,COMPLETE
7,2013-07-25 00:00:00,4530,COMPLETE
8,2013-07-25 00:00:00,2911,PROCESSING
9,2013-07-25 00:00:00,5657,PENDING_PAYMENT
10,2013-07-25 00:00:00,5648,PENDING_PAYMENT
11,2013-07-25 00:00:00,918,PAYMENT_REVIEW
12,2013-07-25 00:00:00,1837,CLOSED
13,2013-07-25 00:00:00,9149,PENDING_PAYMENT
14,2013-07-25 00:00:00,9842,PROCESSING
15,2013-07-25 00:00:00,2568,COMPLETE
16,2013-07-25 00:00:00,7276,PENDING_PAYMENT
17,2013-07-25 00:00:00,2667,COMPLETE
18,2013-07-25 00:00:00,1205,CLOSED
19,2013-07-25 00:00:00,9488,PENDING_PAYMENT
20,2013-07-25 00:00:00,9198,PROCESSING
21,2013-07-25 00:00:00,2711,PENDING
22,2013-07-25 00:00:00,333,COMPLETE
23,2013-07-25 00:00:00,4367,PENDING_PAYMENT
24,2013-07-25 00:00:00,11441,CLOSED
25,2013-07-25 00:00:00,9503,CLOSED
26,2013-07-25 00:00:00,7562,COMPLETE
27,2013-07-25 00:00:00,3241,PENDING_PAYMENT
28,2013-07-25 00:00:00,656,COMPLETE
29,2013-07-25 00:00:00,196,PROCESSING
30,2013-07-25 00:00:00,10039,PENDING_PAYMENT
31,2013-07-25 00:00:00,6983,PAYMENT_REVIEW
32,2013-07-25 00:00:00,3960,COMPLETE
33,2013-07-25 00:00:00,5793,PENDING_PAYMENT
34,2013-07-25 00:00:00,4189,PROCESSING
35,2013-07-25 00:00:00,4840,COMPLETE
36,2013-07-25 00:00:00,5649,PENDING
37,2013-07-25 00:00:00,5863,CLOSED
38,2013-07-25 00:00:00,11586,PROCESSING
39,2013-07-25 00:00:00,8214,PENDING
40,2013-07-25 00:00:00,12092,PENDING_PAYMENT
41,2013-07-25 00:00:00,8136,PENDING_PAYMENT
42,2013-07-25 00:00:00,9776,PENDING
43,2013-07-25 00:00:00,7776,PENDING_PAYMENT
44,2013-07-25 00:00:00,10500,PENDING
45,2013-07-25 00:00:00,2636,COMPLETE
46,2013-07-25 00:00:00,1549,ON_HOLD
47,2013-07-25 00:00:00,8487,PENDING_PAYMENT
48,2013-07-25 00:00:00,12186,PROCESSING
49,2013-07-25 00:00:00,1871,PENDING
50,2013-07-25 00:00:00,5225,CANCELED
51,2013-07-25 00:00:00,12271,CLOSED
52,2013-07-25 00:00:00,5126,PENDING_PAYMENT
53,2013-07-25 00:00:00,4701,PROCESSING
54,2013-07-25 00:00:00,10628,PENDING_PAYMENT
55,2013-07-25 00:00:00,2052,PENDING
56,2013-07-25 00:00:00,10519,COMPLETE
57,2013-07-25 00:00:00,7073,CLOSED
58,2013-07-25 00:00:00,9213,PENDING_PAYMENT
59,2013-07-25 00:00:00,11644,PENDING_PAYMENT
60,2013-07-25 00:00:00,8365,PENDING_PAYMENT
61,2013-07-25 00:00:00,4791,CLOSED
62,2013-07-25 00:00:00,9111,CLOSED
63,2013-07-25 00:00:00,1148,COMPLETE
64,2013-07-25 00:00:00,5579,PENDING_PAYMENT
65,2013-07-25 00:00:00,5903,COMPLETE
66,2013-07-25 00:00:00,1792,ON_HOLD
67,2013-07-25 00:00:00,1406,COMPLETE
68,2013-07-25 00:00:00,4320,PENDING
69,2013-07-25 00:00:00,2821,SUSPECTED_FRAUD
70,2013-07-25 00:00:00,11809,PENDING_PAYMENT
71,2013-07-25 00:00:00,8646,COMPLETE
72,2013-07-25 00:00:00,4349,COMPLETE
73,2013-07-25 00:00:00,8504,PENDING_PAYMENT
74,2013-07-25 00:00:00,662,PENDING_PAYMENT
75,2013-07-25 00:00:00,2505,PENDING_PAYMENT
76,2013-07-25 00:00:00,6898,COMPLETE
77,2013-07-25 00:00:00,7915,PENDING_PAYMENT
78,2013-07-25 00:00:00,8619,PAYMENT_REVIEW
79,2013-07-25 00:00:00,7327,PENDING_PAYMENT
80,2013-07-25 00:00:00,3007,COMPLETE
81,2013-07-25 00:00:00,674,PROCESSING
82,2013-07-25 00:00:00,3566,PENDING_PAYMENT
83,2013-07-25 00:00:00,1265,COMPLETE
84,2013-07-25 00:00:00,6789,PROCESSING
85,2013-07-25 00:00:00,1485,PENDING
86,2013-07-25 00:00:00,6680,PENDING_PAYMENT
87,2013-07-25 00:00:00,3065,CLOSED
88,2013-07-25 00:00:00,3809,COMPLETE
89,2013-07-25 00:00:00,824,ON_HOLD
90,2013-07-25 00:00:00,9131,CLOSED
91,2013-07-25 00:00:00,8912,COMPLETE
92,2013-07-25 00:00:00,6932,COMPLETE
93,2013-07-25 00:00:00,2256,PENDING_PAYMENT
94,2013-07-25 00:00:00,11589,PROCESSING
95,2013-07-25 00:00:00,9032,COMPLETE
96,2013-07-25 00:00:00,8683,PENDING
97,2013-07-25 00:00:00,10784,PENDING
98,2013-07-25 00:00:00,5243,COMPLETE
99,2013-07-25 00:00:00,11542,PENDING_PAYMENT
100,2013-07-25 00:00:00,12131,PROCESSING
101,2013-07-25 00:00:00,5116,CLOSED
102,2013-07-25 00:00:00,8027,COMPLETE
103,2013-07-25 00:00:00,12256,PROCESSING
104,2013-07-25 00:00:00,7790,PENDING_PAYMENT
105,2013-07-26 00:00:00,8220,COMPLETE
106,2013-07-26 00:00:00,395,PROCESSING
107,2013-07-26 00:00:00,1845,COMPLETE
108,2013-07-26 00:00:00,12149,PROCESSING
109,2013-07-26 00:00:00,9345,PENDING_PAYMENT
110,2013-07-26 00:00:00,2746,COMPLETE
111,2013-07-26 00:00:00,4271,PROCESSING
112,2013-07-26 00:00:00,5375,CANCELED
113,2013-07-26 00:00:00,10216,PENDING_PAYMENT
114,2013-07-26 00:00:00,2091,COMPLETE
115,2013-07-26 00:00:00,104,PROCESSING
116,2013-07-26 00:00:00,8763,CLOSED
117,2013-07-26 00:00:00,58,SUSPECTED_FRAUD
118,2013-07-26 00:00:00,1737,COMPLETE
119,2013-07-26 00:00:00,8124,PENDING_PAYMENT
120,2013-07-26 00:00:00,356,PENDING_PAYMENT
121,2013-07-26 00:00:00,2074,PENDING
122,2013-07-26 00:00:00,2071,PROCESSING
123,2013-07-26 00:00:00,3695,PENDING_PAYMENT
124,2013-07-26 00:00:00,2374,COMPLETE
125,2013-07-26 00:00:00,4611,PENDING_PAYMENT
126,2013-07-26 00:00:00,610,COMPLETE
127,2013-07-26 00:00:00,5261,PENDING_PAYMENT
128,2013-07-26 00:00:00,2772,PENDING_PAYMENT
129,2013-07-26 00:00:00,9937,CLOSED
130,2013-07-26 00:00:00,7509,PENDING_PAYMENT
131,2013-07-26 00:00:00,10072,PROCESSING
132,2013-07-26 00:00:00,289,PENDING
133,2013-07-26 00:00:00,10604,CLOSED
134,2013-07-26 00:00:00,12081,PENDING_PAYMENT
135,2013-07-26 00:00:00,7738,COMPLETE
136,2013-07-26 00:00:00,9126,PENDING_PAYMENT
137,2013-07-26 00:00:00,4211,COMPLETE
138,2013-07-26 00:00:00,10904,PROCESSING
139,2013-07-26 00:00:00,7933,COMPLETE
140,2013-07-26 00:00:00,4257,PENDING_PAYMENT
141,2013-07-26 00:00:00,12128,COMPLETE
142,2013-07-26 00:00:00,5760,PENDING_PAYMENT
143,2013-07-26 00:00:00,10495,COMPLETE
144,2013-07-26 00:00:00,2158,PROCESSING
145,2013-07-26 00:00:00,494,ON_HOLD
146,2013-07-26 00:00:00,8177,COMPLETE
147,2013-07-26 00:00:00,275,PENDING_PAYMENT
148,2013-07-26 00:00:00,5383,PROCESSING
149,2013-07-26 00:00:00,11431,COMPLETE
150,2013-07-26 00:00:00,236,PROCESSING
151,2013-07-26 00:00:00,2493,ON_HOLD
152,2013-07-26 00:00:00,3611,COMPLETE
153,2013-07-26 00:00:00,8876,COMPLETE
154,2013-07-26 00:00:00,9993,ON_HOLD
155,2013-07-26 00:00:00,9044,PENDING_PAYMENT
156,2013-07-26 00:00:00,5200,ON_HOLD
157,2013-07-26 00:00:00,8986,ON_HOLD
158,2013-07-26 00:00:00,12345,PENDING
159,2013-07-26 00:00:00,10974,PENDING_PAYMENT
160,2013-07-26 00:00:00,6762,COMPLETE
161,2013-07-26 00:00:00,4513,PENDING_PAYMENT
162,2013-07-26 00:00:00,3304,PENDING_PAYMENT
163,2013-07-26 00:00:00,3348,COMPLETE
164,2013-07-26 00:00:00,2962,PROCESSING
165,2013-07-26 00:00:00,1222,PENDING_PAYMENT
166,2013-07-26 00:00:00,7834,PROCESSING
167,2013-07-26 00:00:00,1347,PENDING
168,2013-07-26 00:00:00,11794,PENDING_PAYMENT
169,2013-07-26 00:00:00,2611,ON_HOLD
170,2013-07-26 00:00:00,6295,PAYMENT_REVIEW
171,2013-07-26 00:00:00,1980,COMPLETE
172,2013-07-26 00:00:00,11382,COMPLETE
173,2013-07-26 00:00:00,9027,ON_HOLD
174,2013-07-26 00:00:00,3358,COMPLETE
175,2013-07-26 00:00:00,384,COMPLETE
176,2013-07-26 00:00:00,2897,PENDING_PAYMENT
177,2013-07-26 00:00:00,9151,PENDING_PAYMENT
178,2013-07-26 00:00:00,8503,COMPLETE
179,2013-07-26 00:00:00,6506,COMPLETE
180,2013-07-26 00:00:00,10215,ON_HOLD
181,2013-07-26 00:00:00,7473,PENDING
182,2013-07-26 00:00:00,10984,COMPLETE
183,2013-07-26 00:00:00,12105,COMPLETE
184,2013-07-26 00:00:00,210,COMPLETE
185,2013-07-26 00:00:00,10966,PENDING_PAYMENT
186,2013-07-26 00:00:00,1104,COMPLETE
187,2013-07-26 00:00:00,1378,PAYMENT_REVIEW
188,2013-07-26 00:00:00,2889,PENDING
189,2013-07-26 00:00:00,10177,PENDING
190,2013-07-26 00:00:00,11115,PENDING
191,2013-07-26 00:00:00,16,CLOSED
192,2013-07-26 00:00:00,5293,PROCESSING
193,2013-07-26 00:00:00,6174,PROCESSING
194,2013-07-26 00:00:00,2550,PENDING_PAYMENT
195,2013-07-26 00:00:00,12096,PROCESSING
196,2013-07-26 00:00:00,2765,PROCESSING
197,2013-07-26 00:00:00,6370,PROCESSING
198,2013-07-26 00:00:00,7436,PENDING_PAYMENT
199,2013-07-26 00:00:00,4608,ON_HOLD
200,2013-07-26 00:00:00,11116,PAYMENT_REVIEW
201,2013-07-26 00:00:00,9055,CLOSED
202,2013-07-26 00:00:00,8524,PENDING_PAYMENT
203,2013-07-26 00:00:00,11791,PENDING_PAYMENT
204,2013-07-26 00:00:00,7604,PENDING_PAYMENT
205,2013-07-26 00:00:00,3109,PROCESSING
206,2013-07-26 00:00:00,8994,PENDING
207,2013-07-26 00:00:00,11643,COMPLETE
208,2013-07-26 00:00:00,7923,PROCESSING
209,2013-07-26 00:00:00,3627,PENDING
210,2013-07-26 00:00:00,10102,COMPLETE
211,2013-07-26 00:00:00,10372,CLOSED
212,2013-07-26 00:00:00,3190,PENDING
213,2013-07-26 00:00:00,11715,CLOSED
214,2013-07-26 00:00:00,3925,COMPLETE
215,2013-07-26 00:00:00,5925,CLOSED
216,2013-07-26 00:00:00,7282,PENDING
217,2013-07-26 00:00:00,5420,PROCESSING
218,2013-07-26 00:00:00,3935,COMPLETE
219,2013-07-26 00:00:00,10655,PROCESSING
220,2013-07-26 00:00:00,1383,COMPLETE
221,2013-07-26 00:00:00,11871,CLOSED
222,2013-07-26 00:00:00,8309,CLOSED
223,2013-07-26 00:00:00,9068,PENDING
224,2013-07-26 00:00:00,11938,CLOSED
225,2013-07-26 00:00:00,11275,COMPLETE
226,2013-07-26 00:00:00,9356,PENDING_PAYMENT
227,2013-07-26 00:00:00,7410,CLOSED
228,2013-07-26 00:00:00,6070,ON_HOLD
229,2013-07-26 00:00:00,618,PENDING
230,2013-07-26 00:00:00,4921,PENDING_PAYMENT
231,2013-07-26 00:00:00,3960,COMPLETE
232,2013-07-26 00:00:00,1780,PENDING_PAYMENT
233,2013-07-26 00:00:00,12316,COMPLETE
234,2013-07-26 00:00:00,1010,ON_HOLD
235,2013-07-26 00:00:00,4285,PENDING_PAYMENT
236,2013-07-26 00:00:00,9785,COMPLETE
237,2013-07-26 00:00:00,11438,PENDING_PAYMENT
238,2013-07-26 00:00:00,4939,PENDING_PAYMENT
239,2013-07-26 00:00:00,5058,COMPLETE
240,2013-07-26 00:00:00,32,PENDING
241,2013-07-26 00:00:00,948,CLOSED
242,2013-07-26 00:00:00,3237,PAYMENT_REVIEW
243,2013-07-26 00:00:00,32,ON_HOLD
244,2013-07-26 00:00:00,6910,PENDING_PAYMENT
245,2013-07-26 00:00:00,5191,CLOSED
246,2013-07-26 00:00:00,9616,SUSPECTED_FRAUD
247,2013-07-26 00:00:00,173,COMPLETE
248,2013-07-26 00:00:00,11707,COMPLETE
249,2013-07-26 00:00:00,7650,CLOSED
250,2013-07-26 00:00:00,11668,COMPLETE
251,2013-07-26 00:00:00,568,PENDING
252,2013-07-26 00:00:00,9708,COMPLETE
253,2013-07-26 00:00:00,45,COMPLETE
254,2013-07-26 00:00:00,9395,COMPLETE
255,2013-07-26 00:00:00,10346,COMPLETE
256,2013-07-26 00:00:00,4199,CLOSED
257,2013-07-26 00:00:00,3273,PROCESSING
258,2013-07-26 00:00:00,1137,COMPLETE
259,2013-07-26 00:00:00,3454,COMPLETE
260,2013-07-26 00:00:00,5135,CLOSED
261,2013-07-26 00:00:00,5128,COMPLETE
262,2013-07-26 00:00:00,11475,CLOSED
263,2013-07-26 00:00:00,8026,COMPLETE
264,2013-07-26 00:00:00,230,COMPLETE
265,2013-07-26 00:00:00,488,PENDING_PAYMENT
266,2013-07-26 00:00:00,11085,COMPLETE
267,2013-07-26 00:00:00,6989,CLOSED
268,2013-07-26 00:00:00,5578,CLOSED
269,2013-07-26 00:00:00,11887,PROCESSING
270,2013-07-26 00:00:00,5689,COMPLETE
271,2013-07-26 00:00:00,815,COMPLETE
272,2013-07-26 00:00:00,428,CLOSED
273,2013-07-26 00:00:00,10665,PENDING_PAYMENT
274,2013-07-26 00:00:00,3365,PENDING
275,2013-07-26 00:00:00,10942,PENDING_PAYMENT
276,2013-07-26 00:00:00,2221,PENDING_PAYMENT
277,2013-07-26 00:00:00,3732,PENDING
278,2013-07-26 00:00:00,488,PAYMENT_REVIEW
279,2013-07-26 00:00:00,10372,COMPLETE
280,2013-07-26 00:00:00,11836,PENDING
281,2013-07-26 00:00:00,827,PENDING_PAYMENT
282,2013-07-26 00:00:00,3551,PENDING_PAYMENT
283,2013-07-26 00:00:00,11466,COMPLETE
284,2013-07-26 00:00:00,861,PROCESSING
285,2013-07-26 00:00:00,5011,CLOSED
286,2013-07-26 00:00:00,9824,ON_HOLD
287,2013-07-26 00:00:00,8122,COMPLETE
288,2013-07-26 00:00:00,8667,COMPLETE
289,2013-07-26 00:00:00,1195,PENDING_PAYMENT
290,2013-07-26 00:00:00,6446,COMPLETE
291,2013-07-26 00:00:00,5506,PROCESSING
292,2013-07-26 00:00:00,11971,PENDING_PAYMENT
293,2013-07-26 00:00:00,4731,PROCESSING
294,2013-07-26 00:00:00,11394,CLOSED
295,2013-07-26 00:00:00,1937,PENDING
296,2013-07-26 00:00:00,6665,COMPLETE
297,2013-07-26 00:00:00,2281,PENDING
298,2013-07-26 00:00:00,4967,COMPLETE
299,2013-07-26 00:00:00,9202,PENDING_PAYMENT
300,2013-07-26 00:00:00,11326,CLOSED
301,2013-07-26 00:00:00,11999,COMPLETE
302,2013-07-26 00:00:00,3577,COMPLETE
303,2013-07-26 00:00:00,1682,PENDING_PAYMENT
304,2013-07-26 00:00:00,1869,COMPLETE
305,2013-07-26 00:00:00,5618,ON_HOLD
306,2013-07-26 00:00:00,137,COMPLETE
307,2013-07-26 00:00:00,8818,PENDING
308,2013-07-26 00:00:00,6829,PENDING_PAYMENT
309,2013-07-26 00:00:00,10396,COMPLETE
310,2013-07-26 00:00:00,1256,COMPLETE
311,2013-07-26 00:00:00,410,COMPLETE
312,2013-07-26 00:00:00,1122,COMPLETE
313,2013-07-26 00:00:00,7543,CLOSED
314,2013-07-26 00:00:00,10033,PENDING_PAYMENT
315,2013-07-26 00:00:00,4375,PENDING_PAYMENT
316,2013-07-26 00:00:00,3870,PROCESSING
317,2013-07-26 00:00:00,1450,COMPLETE
318,2013-07-26 00:00:00,8829,PENDING_PAYMENT
319,2013-07-26 00:00:00,10445,COMPLETE
320,2013-07-26 00:00:00,10698,SUSPECTED_FRAUD
321,2013-07-26 00:00:00,4282,ON_HOLD
322,2013-07-26 00:00:00,2864,COMPLETE
323,2013-07-26 00:00:00,3020,PENDING_PAYMENT
324,2013-07-26 00:00:00,76,COMPLETE
325,2013-07-26 00:00:00,4759,PENDING
326,2013-07-26 00:00:00,1604,PENDING_PAYMENT
327,2013-07-26 00:00:00,12107,PENDING
328,2013-07-26 00:00:00,1149,COMPLETE
329,2013-07-26 00:00:00,1944,SUSPECTED_FRAUD
330,2013-07-26 00:00:00,5175,COMPLETE
331,2013-07-26 00:00:00,4797,PENDING_PAYMENT
332,2013-07-26 00:00:00,4171,COMPLETE
333,2013-07-26 00:00:00,2071,PENDING_PAYMENT
334,2013-07-26 00:00:00,3752,PENDING_PAYMENT
335,2013-07-26 00:00:00,7710,PENDING
336,2013-07-26 00:00:00,5479,PENDING
337,2013-07-26 00:00:00,6747,COMPLETE
338,2013-07-26 00:00:00,4666,COMPLETE
339,2013-07-26 00:00:00,8326,PENDING
340,2013-07-26 00:00:00,7995,PENDING_PAYMENT
341,2013-07-26 00:00:00,10128,CLOSED
342,2013-07-26 00:00:00,8809,ON_HOLD
343,2013-07-26 00:00:00,10952,COMPLETE
344,2013-07-26 00:00:00,2816,PENDING
345,2013-07-26 00:00:00,11040,PROCESSING
346,2013-07-26 00:00:00,3646,COMPLETE
347,2013-07-27 00:00:00,11662,COMPLETE
348,2013-07-27 00:00:00,12120,COMPLETE
349,2013-07-27 00:00:00,9103,COMPLETE
350,2013-07-27 00:00:00,10672,COMPLETE
351,2013-07-27 00:00:00,12049,COMPLETE
352,2013-07-27 00:00:00,1977,PENDING_PAYMENT
353,2013-07-27 00:00:00,2234,PROCESSING
354,2013-07-27 00:00:00,5862,PROCESSING
355,2013-07-27 00:00:00,11682,PROCESSING
356,2013-07-27 00:00:00,2209,PENDING
357,2013-07-27 00:00:00,2685,COMPLETE
358,2013-07-27 00:00:00,2979,PENDING
359,2013-07-27 00:00:00,6020,PENDING_PAYMENT
360,2013-07-27 00:00:00,8020,COMPLETE
361,2013-07-27 00:00:00,8286,PROCESSING
362,2013-07-27 00:00:00,10167,PROCESSING
363,2013-07-27 00:00:00,3619,CLOSED
364,2013-07-27 00:00:00,6035,PROCESSING
365,2013-07-27 00:00:00,2400,PENDING_PAYMENT
366,2013-07-27 00:00:00,4422,PENDING_PAYMENT
367,2013-07-27 00:00:00,8730,PROCESSING
368,2013-07-27 00:00:00,5783,COMPLETE
369,2013-07-27 00:00:00,189,COMPLETE
370,2013-07-27 00:00:00,4791,PENDING_PAYMENT
371,2013-07-27 00:00:00,4428,PENDING_PAYMENT
372,2013-07-27 00:00:00,776,COMPLETE
373,2013-07-27 00:00:00,3630,PENDING
374,2013-07-27 00:00:00,5906,PROCESSING
375,2013-07-27 00:00:00,6561,PROCESSING
376,2013-07-27 00:00:00,1369,PENDING
377,2013-07-27 00:00:00,514,PROCESSING
378,2013-07-27 00:00:00,10071,PENDING_PAYMENT
379,2013-07-27 00:00:00,8735,PENDING_PAYMENT
380,2013-07-27 00:00:00,9505,PENDING_PAYMENT
381,2013-07-27 00:00:00,5756,ON_HOLD
382,2013-07-27 00:00:00,8143,PROCESSING
383,2013-07-27 00:00:00,10509,PENDING_PAYMENT
384,2013-07-27 00:00:00,2610,CLOSED
385,2013-07-27 00:00:00,10667,COMPLETE
386,2013-07-27 00:00:00,3568,PENDING
387,2013-07-27 00:00:00,7193,CLOSED
388,2013-07-27 00:00:00,2790,COMPLETE
389,2013-07-27 00:00:00,4435,COMPLETE
390,2013-07-27 00:00:00,5590,PENDING
391,2013-07-27 00:00:00,5816,PENDING_PAYMENT
392,2013-07-27 00:00:00,3238,PENDING
393,2013-07-27 00:00:00,1047,CLOSED
394,2013-07-27 00:00:00,76,PENDING_PAYMENT
395,2013-07-27 00:00:00,3934,COMPLETE
396,2013-07-27 00:00:00,9078,PAYMENT_REVIEW
397,2013-07-27 00:00:00,4476,CLOSED
398,2013-07-27 00:00:00,1365,ON_HOLD
399,2013-07-27 00:00:00,1473,PROCESSING
400,2013-07-27 00:00:00,5626,PENDING
401,2013-07-27 00:00:00,9692,PROCESSING
402,2013-07-27 00:00:00,9547,PENDING_PAYMENT
403,2013-07-27 00:00:00,4178,COMPLETE
404,2013-07-27 00:00:00,1478,CLOSED
405,2013-07-27 00:00:00,9498,COMPLETE
406,2013-07-27 00:00:00,9023,COMPLETE
407,2013-07-27 00:00:00,3333,PROCESSING
408,2013-07-27 00:00:00,2252,PAYMENT_REVIEW
409,2013-07-27 00:00:00,11102,PROCESSING
410,2013-07-27 00:00:00,1288,PENDING
411,2013-07-27 00:00:00,11164,SUSPECTED_FRAUD
412,2013-07-27 00:00:00,9397,COMPLETE
413,2013-07-27 00:00:00,7278,CLOSED
414,2013-07-27 00:00:00,11776,PENDING
415,2013-07-27 00:00:00,6110,CLOSED
416,2013-07-27 00:00:00,1561,COMPLETE
417,2013-07-27 00:00:00,11491,PENDING_PAYMENT
418,2013-07-27 00:00:00,4269,COMPLETE
419,2013-07-27 00:00:00,8987,PENDING_PAYMENT
420,2013-07-27 00:00:00,4632,COMPLETE
421,2013-07-27 00:00:00,7839,PENDING
422,2013-07-27 00:00:00,9664,COMPLETE
423,2013-07-27 00:00:00,9632,SUSPECTED_FRAUD
424,2013-07-27 00:00:00,2457,PROCESSING
425,2013-07-27 00:00:00,10481,PENDING_PAYMENT
426,2013-07-27 00:00:00,10419,COMPLETE
427,2013-07-27 00:00:00,6681,COMPLETE
428,2013-07-27 00:00:00,3487,COMPLETE
429,2013-07-27 00:00:00,8466,CLOSED
430,2013-07-27 00:00:00,10779,PENDING_PAYMENT
431,2013-07-27 00:00:00,4676,CLOSED
432,2013-07-27 00:00:00,1197,COMPLETE
433,2013-07-27 00:00:00,792,PROCESSING
434,2013-07-27 00:00:00,11390,PENDING_PAYMENT
435,2013-07-27 00:00:00,5719,CLOSED
436,2013-07-27 00:00:00,7610,PROCESSING
437,2013-07-27 00:00:00,5351,COMPLETE
438,2013-07-27 00:00:00,8256,COMPLETE
439,2013-07-27 00:00:00,9353,COMPLETE
440,2013-07-27 00:00:00,7290,COMPLETE
441,2013-07-27 00:00:00,5239,PENDING_PAYMENT
442,2013-07-27 00:00:00,8098,COMPLETE
443,2013-07-27 00:00:00,8499,CLOSED
444,2013-07-27 00:00:00,10004,COMPLETE
445,2013-07-27 00:00:00,3859,PENDING
446,2013-07-27 00:00:00,7620,PENDING_PAYMENT
447,2013-07-27 00:00:00,8737,CLOSED
448,2013-07-27 00:00:00,7167,COMPLETE
449,2013-07-27 00:00:00,409,CLOSED
450,2013-07-27 00:00:00,5085,ON_HOLD
451,2013-07-27 00:00:00,10104,PENDING
452,2013-07-27 00:00:00,5128,COMPLETE
453,2013-07-27 00:00:00,381,SUSPECTED_FRAUD
454,2013-07-27 00:00:00,5933,PENDING_PAYMENT
455,2013-07-27 00:00:00,6575,PENDING
456,2013-07-27 00:00:00,11295,CLOSED
457,2013-07-27 00:00:00,4036,PENDING_PAYMENT
458,2013-07-27 00:00:00,5358,COMPLETE
459,2013-07-27 00:00:00,3687,COMPLETE
460,2013-07-27 00:00:00,2521,PENDING_PAYMENT
461,2013-07-27 00:00:00,8398,CLOSED
462,2013-07-27 00:00:00,5454,PROCESSING
463,2013-07-27 00:00:00,8709,COMPLETE
464,2013-07-27 00:00:00,7114,COMPLETE
465,2013-07-27 00:00:00,1255,PENDING_PAYMENT
466,2013-07-27 00:00:00,10943,CLOSED
467,2013-07-27 00:00:00,1719,PENDING_PAYMENT
468,2013-07-27 00:00:00,7305,COMPLETE
469,2013-07-27 00:00:00,1731,PENDING
470,2013-07-27 00:00:00,6410,PENDING_PAYMENT
471,2013-07-27 00:00:00,10861,PENDING
472,2013-07-27 00:00:00,8969,CLOSED
473,2013-07-27 00:00:00,5359,COMPLETE
474,2013-07-27 00:00:00,8349,PENDING_PAYMENT
475,2013-07-27 00:00:00,4567,CLOSED
476,2013-07-27 00:00:00,6020,PENDING_PAYMENT
477,2013-07-27 00:00:00,8511,ON_HOLD
478,2013-07-27 00:00:00,7657,COMPLETE
479,2013-07-27 00:00:00,11138,COMPLETE
480,2013-07-27 00:00:00,2902,PROCESSING
481,2013-07-27 00:00:00,10633,PROCESSING
482,2013-07-27 00:00:00,9156,ON_HOLD
483,2013-07-27 00:00:00,12341,PROCESSING
484,2013-07-27 00:00:00,2409,PENDING_PAYMENT
485,2013-07-27 00:00:00,3976,PENDING_PAYMENT
486,2013-07-27 00:00:00,1865,PROCESSING
487,2013-07-27 00:00:00,5698,PROCESSING
488,2013-07-27 00:00:00,10143,PENDING_PAYMENT
489,2013-07-27 00:00:00,2030,PENDING_PAYMENT
490,2013-07-27 00:00:00,9709,COMPLETE
491,2013-07-27 00:00:00,3945,ON_HOLD
492,2013-07-27 00:00:00,2499,PENDING_PAYMENT
493,2013-07-27 00:00:00,1180,COMPLETE
494,2013-07-27 00:00:00,8121,PENDING_PAYMENT
495,2013-07-27 00:00:00,7242,COMPLETE
496,2013-07-27 00:00:00,615,COMPLETE
497,2013-07-27 00:00:00,846,COMPLETE
498,2013-07-27 00:00:00,6828,PENDING_PAYMENT
499,2013-07-27 00:00:00,8920,COMPLETE
500,2013-07-27 00:00:00,2129,CLOSED
501,2013-07-27 00:00:00,1987,CLOSED
502,2013-07-27 00:00:00,7196,COMPLETE
503,2013-07-27 00:00:00,6377,PENDING_PAYMENT
504,2013-07-27 00:00:00,6288,COMPLETE
505,2013-07-27 00:00:00,11952,PROCESSING
506,2013-07-27 00:00:00,3509,PENDING
507,2013-07-27 00:00:00,4730,PENDING_PAYMENT
508,2013-07-27 00:00:00,6970,COMPLETE
509,2013-07-27 00:00:00,10739,COMPLETE
510,2013-07-28 00:00:00,7533,PENDING_PAYMENT
511,2013-07-28 00:00:00,486,PROCESSING
512,2013-07-28 00:00:00,12000,COMPLETE
513,2013-07-28 00:00:00,10479,COMPLETE
514,2013-07-28 00:00:00,10962,PENDING_PAYMENT
515,2013-07-28 00:00:00,5921,PENDING_PAYMENT
516,2013-07-28 00:00:00,9204,COMPLETE
517,2013-07-28 00:00:00,1578,PROCESSING
518,2013-07-28 00:00:00,5257,COMPLETE
519,2013-07-28 00:00:00,4780,COMPLETE
520,2013-07-28 00:00:00,8074,COMPLETE
521,2013-07-28 00:00:00,6497,COMPLETE
522,2013-07-28 00:00:00,12300,COMPLETE
523,2013-07-28 00:00:00,4477,COMPLETE
524,2013-07-28 00:00:00,7622,COMPLETE
525,2013-07-28 00:00:00,10830,PENDING
526,2013-07-28 00:00:00,7259,COMPLETE
527,2013-07-28 00:00:00,5426,CANCELED
528,2013-07-28 00:00:00,6147,PROCESSING
529,2013-07-28 00:00:00,844,ON_HOLD
530,2013-07-28 00:00:00,6224,PROCESSING
531,2013-07-28 00:00:00,1950,PENDING_PAYMENT
532,2013-07-28 00:00:00,6498,PENDING
533,2013-07-28 00:00:00,6770,COMPLETE
534,2013-07-28 00:00:00,6896,COMPLETE
535,2013-07-28 00:00:00,66,COMPLETE
536,2013-07-28 00:00:00,9981,ON_HOLD
537,2013-07-28 00:00:00,10437,COMPLETE
538,2013-07-28 00:00:00,4871,PROCESSING
539,2013-07-28 00:00:00,7673,PENDING_PAYMENT
540,2013-07-28 00:00:00,121,COMPLETE
541,2013-07-28 00:00:00,4985,COMPLETE
542,2013-07-28 00:00:00,597,CLOSED
543,2013-07-28 00:00:00,7351,PENDING
544,2013-07-28 00:00:00,281,PENDING_PAYMENT
545,2013-07-28 00:00:00,11642,COMPLETE
546,2013-07-28 00:00:00,7604,PROCESSING
547,2013-07-28 00:00:00,7220,COMPLETE
548,2013-07-28 00:00:00,6889,SUSPECTED_FRAUD
549,2013-07-28 00:00:00,3834,PENDING
550,2013-07-28 00:00:00,9666,PENDING_PAYMENT
551,2013-07-28 00:00:00,2867,COMPLETE
552,2013-07-28 00:00:00,1445,CANCELED
553,2013-07-28 00:00:00,7307,COMPLETE
554,2013-07-28 00:00:00,10980,PROCESSING
555,2013-07-28 00:00:00,976,PENDING_PAYMENT
556,2013-07-28 00:00:00,7838,COMPLETE
557,2013-07-28 00:00:00,4855,COMPLETE
558,2013-07-28 00:00:00,4562,COMPLETE
559,2013-07-28 00:00:00,1944,ON_HOLD
560,2013-07-28 00:00:00,744,ON_HOLD
561,2013-07-28 00:00:00,6059,PENDING
562,2013-07-28 00:00:00,5017,PENDING
563,2013-07-28 00:00:00,3514,CLOSED
564,2013-07-28 00:00:00,2216,CANCELED
565,2013-07-28 00:00:00,3850,PENDING_PAYMENT
566,2013-07-28 00:00:00,6335,CLOSED
567,2013-07-28 00:00:00,9527,CLOSED
568,2013-07-28 00:00:00,11790,PENDING
569,2013-07-28 00:00:00,8532,CLOSED
570,2013-07-28 00:00:00,4622,PENDING
571,2013-07-28 00:00:00,5006,PENDING
572,2013-07-28 00:00:00,6691,PENDING
573,2013-07-28 00:00:00,5964,COMPLETE
574,2013-07-28 00:00:00,7145,PROCESSING
575,2013-07-28 00:00:00,2873,PROCESSING
576,2013-07-28 00:00:00,7191,COMPLETE
577,2013-07-28 00:00:00,457,CLOSED
578,2013-07-28 00:00:00,2529,PENDING_PAYMENT
579,2013-07-28 00:00:00,4137,PROCESSING
580,2013-07-28 00:00:00,8677,SUSPECTED_FRAUD
581,2013-07-28 00:00:00,3222,PROCESSING
582,2013-07-28 00:00:00,6220,CLOSED
583,2013-07-28 00:00:00,4695,PENDING
584,2013-07-28 00:00:00,1263,PENDING_PAYMENT
585,2013-07-28 00:00:00,8399,PENDING_PAYMENT
586,2013-07-28 00:00:00,10225,PROCESSING
587,2013-07-28 00:00:00,6008,SUSPECTED_FRAUD
588,2013-07-28 00:00:00,6348,COMPLETE
589,2013-07-28 00:00:00,5609,COMPLETE
590,2013-07-28 00:00:00,132,PROCESSING
591,2013-07-28 00:00:00,6431,COMPLETE
592,2013-07-28 00:00:00,10862,CLOSED
593,2013-07-28 00:00:00,6667,PENDING
594,2013-07-28 00:00:00,1946,PENDING_PAYMENT
595,2013-07-28 00:00:00,3531,PAYMENT_REVIEW
596,2013-07-28 00:00:00,8352,PENDING_PAYMENT
597,2013-07-28 00:00:00,11558,PENDING_PAYMENT
598,2013-07-28 00:00:00,11344,PENDING_PAYMENT
599,2013-07-28 00:00:00,8005,COMPLETE
600,2013-07-28 00:00:00,3506,COMPLETE
601,2013-07-28 00:00:00,8977,COMPLETE
602,2013-07-28 00:00:00,6690,COMPLETE
603,2013-07-28 00:00:00,6184,CLOSED
604,2013-07-28 00:00:00,6930,PENDING_PAYMENT
605,2013-07-28 00:00:00,2879,COMPLETE
606,2013-07-28 00:00:00,1157,COMPLETE
607,2013-07-28 00:00:00,6376,CANCELED
608,2013-07-28 00:00:00,10388,COMPLETE
609,2013-07-28 00:00:00,1241,PROCESSING
610,2013-07-28 00:00:00,1866,PENDING_PAYMENT
611,2013-07-28 00:00:00,8422,COMPLETE
612,2013-07-28 00:00:00,11854,PENDING_PAYMENT
613,2013-07-28 00:00:00,460,COMPLETE
614,2013-07-28 00:00:00,5738,CLOSED
615,2013-07-28 00:00:00,2827,COMPLETE
616,2013-07-28 00:00:00,11330,PROCESSING
617,2013-07-28 00:00:00,6154,ON_HOLD
618,2013-07-28 00:00:00,12037,PENDING_PAYMENT
619,2013-07-28 00:00:00,11473,PROCESSING
620,2013-07-28 00:00:00,11346,COMPLETE
621,2013-07-28 00:00:00,7916,COMPLETE
622,2013-07-28 00:00:00,3892,ON_HOLD
623,2013-07-28 00:00:00,3658,PAYMENT_REVIEW
624,2013-07-28 00:00:00,1821,PENDING_PAYMENT
625,2013-07-28 00:00:00,5918,ON_HOLD
626,2013-07-28 00:00:00,9123,CLOSED
627,2013-07-28 00:00:00,7859,PENDING_PAYMENT
628,2013-07-28 00:00:00,9783,PROCESSING
629,2013-07-28 00:00:00,6772,COMPLETE
630,2013-07-28 00:00:00,3449,COMPLETE
631,2013-07-28 00:00:00,9381,PENDING_PAYMENT
632,2013-07-28 00:00:00,529,PENDING
633,2013-07-28 00:00:00,12249,COMPLETE
634,2013-07-28 00:00:00,4588,COMPLETE
635,2013-07-28 00:00:00,1427,PENDING
636,2013-07-28 00:00:00,10371,PENDING_PAYMENT
637,2013-07-28 00:00:00,2259,ON_HOLD
638,2013-07-28 00:00:00,3626,PENDING
639,2013-07-28 00:00:00,1072,COMPLETE
640,2013-07-28 00:00:00,6199,PROCESSING
641,2013-07-28 00:00:00,11558,CLOSED
642,2013-07-28 00:00:00,7499,COMPLETE
643,2013-07-28 00:00:00,64,PENDING_PAYMENT
644,2013-07-28 00:00:00,7295,PENDING_PAYMENT
645,2013-07-28 00:00:00,2238,COMPLETE
646,2013-07-28 00:00:00,911,CLOSED
647,2013-07-28 00:00:00,12319,COMPLETE
648,2013-07-28 00:00:00,4551,PENDING_PAYMENT
649,2013-07-28 00:00:00,7261,CANCELED
650,2013-07-28 00:00:00,4170,PENDING_PAYMENT
651,2013-07-28 00:00:00,9264,CLOSED
652,2013-07-28 00:00:00,8732,PENDING_PAYMENT
653,2013-07-28 00:00:00,10473,PROCESSING
654,2013-07-28 00:00:00,286,COMPLETE
655,2013-07-28 00:00:00,1206,PENDING_PAYMENT
656,2013-07-28 00:00:00,1646,PROCESSING
657,2013-07-28 00:00:00,1393,PENDING_PAYMENT
658,2013-07-28 00:00:00,12386,PENDING
659,2013-07-28 00:00:00,6006,COMPLETE
660,2013-07-28 00:00:00,1932,CLOSED
661,2013-07-28 00:00:00,2991,ON_HOLD
662,2013-07-28 00:00:00,11165,COMPLETE
663,2013-07-28 00:00:00,3531,PAYMENT_REVIEW
664,2013-07-28 00:00:00,4469,COMPLETE
665,2013-07-28 00:00:00,5648,ON_HOLD
666,2013-07-28 00:00:00,993,COMPLETE
667,2013-07-28 00:00:00,4726,CANCELED
668,2013-07-28 00:00:00,8023,PROCESSING
669,2013-07-28 00:00:00,909,PROCESSING
670,2013-07-28 00:00:00,482,PROCESSING
671,2013-07-28 00:00:00,7926,PENDING_PAYMENT
672,2013-07-29 00:00:00,1670,PENDING_PAYMENT
673,2013-07-29 00:00:00,2157,PENDING_PAYMENT
674,2013-07-29 00:00:00,1295,COMPLETE
675,2013-07-29 00:00:00,3414,COMPLETE
676,2013-07-29 00:00:00,5653,PENDING_PAYMENT
677,2013-07-29 00:00:00,5182,PENDING_PAYMENT
678,2013-07-29 00:00:00,9667,PENDING
679,2013-07-29 00:00:00,5535,CLOSED
680,2013-07-29 00:00:00,4599,ON_HOLD
681,2013-07-29 00:00:00,7524,PENDING_PAYMENT
682,2013-07-29 00:00:00,9271,COMPLETE
683,2013-07-29 00:00:00,7183,PENDING_PAYMENT
684,2013-07-29 00:00:00,1546,CLOSED
685,2013-07-29 00:00:00,10745,ON_HOLD
686,2013-07-29 00:00:00,7835,PROCESSING
687,2013-07-29 00:00:00,11639,PENDING_PAYMENT
688,2013-07-29 00:00:00,5097,PENDING_PAYMENT
689,2013-07-29 00:00:00,8272,PENDING
690,2013-07-29 00:00:00,7279,PENDING_PAYMENT
691,2013-07-29 00:00:00,517,PENDING_PAYMENT
692,2013-07-29 00:00:00,442,ON_HOLD
693,2013-07-29 00:00:00,10081,ON_HOLD
694,2013-07-29 00:00:00,5015,PROCESSING
695,2013-07-29 00:00:00,12224,PROCESSING
696,2013-07-29 00:00:00,11166,PENDING_PAYMENT
697,2013-07-29 00:00:00,3126,COMPLETE
698,2013-07-29 00:00:00,5283,COMPLETE
699,2013-07-29 00:00:00,7472,PENDING_PAYMENT
700,2013-07-29 00:00:00,2632,COMPLETE
701,2013-07-29 00:00:00,9742,PENDING_PAYMENT
702,2013-07-29 00:00:00,1826,PROCESSING
703,2013-07-29 00:00:00,1871,PENDING_PAYMENT
704,2013-07-29 00:00:00,11708,COMPLETE
705,2013-07-29 00:00:00,9639,PENDING
706,2013-07-29 00:00:00,10129,CLOSED
707,2013-07-29 00:00:00,5889,PENDING
708,2013-07-29 00:00:00,5695,CLOSED
709,2013-07-29 00:00:00,3161,PENDING
710,2013-07-29 00:00:00,5871,CLOSED
711,2013-07-29 00:00:00,4688,PENDING_PAYMENT
712,2013-07-29 00:00:00,4372,PENDING
713,2013-07-29 00:00:00,4826,CLOSED
714,2013-07-29 00:00:00,4756,COMPLETE
715,2013-07-29 00:00:00,864,PENDING
716,2013-07-29 00:00:00,2581,CANCELED
717,2013-07-29 00:00:00,8208,CANCELED
718,2013-07-29 00:00:00,70,COMPLETE
719,2013-07-29 00:00:00,4768,PROCESSING
720,2013-07-29 00:00:00,3142,COMPLETE
721,2013-07-29 00:00:00,2154,PENDING
722,2013-07-29 00:00:00,9781,CLOSED
723,2013-07-29 00:00:00,371,PENDING
724,2013-07-29 00:00:00,797,PENDING
725,2013-07-29 00:00:00,3837,PENDING_PAYMENT
726,2013-07-29 00:00:00,5407,COMPLETE
727,2013-07-29 00:00:00,1049,COMPLETE
728,2013-07-29 00:00:00,5965,COMPLETE
729,2013-07-29 00:00:00,8467,COMPLETE
730,2013-07-29 00:00:00,3189,COMPLETE
731,2013-07-29 00:00:00,5104,PROCESSING
732,2013-07-29 00:00:00,7633,COMPLETE
733,2013-07-29 00:00:00,2724,PENDING
734,2013-07-29 00:00:00,1995,PENDING_PAYMENT
735,2013-07-29 00:00:00,9142,COMPLETE
736,2013-07-29 00:00:00,8536,COMPLETE
737,2013-07-29 00:00:00,3567,PAYMENT_REVIEW
738,2013-07-29 00:00:00,10042,CANCELED
739,2013-07-29 00:00:00,5647,COMPLETE
740,2013-07-29 00:00:00,6271,PROCESSING
741,2013-07-29 00:00:00,7481,COMPLETE
742,2013-07-29 00:00:00,9860,COMPLETE
743,2013-07-29 00:00:00,2030,PENDING_PAYMENT
744,2013-07-29 00:00:00,2960,COMPLETE
745,2013-07-29 00:00:00,7435,PROCESSING
746,2013-07-29 00:00:00,9753,COMPLETE
747,2013-07-29 00:00:00,4788,PENDING_PAYMENT
748,2013-07-29 00:00:00,1198,COMPLETE
749,2013-07-29 00:00:00,9270,PENDING_PAYMENT
750,2013-07-29 00:00:00,4293,PENDING_PAYMENT
751,2013-07-29 00:00:00,1438,PENDING
752,2013-07-29 00:00:00,3366,CLOSED
753,2013-07-29 00:00:00,5094,CANCELED
754,2013-07-29 00:00:00,6699,COMPLETE
755,2013-07-29 00:00:00,1478,COMPLETE
756,2013-07-29 00:00:00,8441,COMPLETE
757,2013-07-29 00:00:00,1648,PENDING_PAYMENT
758,2013-07-29 00:00:00,1244,PENDING_PAYMENT
759,2013-07-29 00:00:00,3328,COMPLETE
760,2013-07-29 00:00:00,444,ON_HOLD
761,2013-07-29 00:00:00,9748,COMPLETE
762,2013-07-29 00:00:00,1748,PENDING
763,2013-07-29 00:00:00,943,COMPLETE
764,2013-07-29 00:00:00,8625,COMPLETE
765,2013-07-29 00:00:00,2425,CLOSED
766,2013-07-29 00:00:00,12328,COMPLETE
767,2013-07-29 00:00:00,10174,PROCESSING
768,2013-07-29 00:00:00,8123,COMPLETE
769,2013-07-29 00:00:00,11749,PENDING_PAYMENT
770,2013-07-29 00:00:00,12146,COMPLETE
771,2013-07-29 00:00:00,9026,COMPLETE
772,2013-07-29 00:00:00,2863,PROCESSING
773,2013-07-29 00:00:00,10414,PENDING_PAYMENT
774,2013-07-29 00:00:00,11421,COMPLETE
775,2013-07-29 00:00:00,3547,PENDING_PAYMENT
776,2013-07-29 00:00:00,3180,PENDING_PAYMENT
777,2013-07-29 00:00:00,7761,ON_HOLD
778,2013-07-29 00:00:00,5759,COMPLETE
779,2013-07-29 00:00:00,2004,PENDING_PAYMENT
780,2013-07-29 00:00:00,2016,COMPLETE
781,2013-07-29 00:00:00,7971,PENDING
782,2013-07-29 00:00:00,12213,COMPLETE
783,2013-07-29 00:00:00,8321,PROCESSING
784,2013-07-29 00:00:00,3321,PENDING_PAYMENT
785,2013-07-29 00:00:00,8191,COMPLETE
786,2013-07-29 00:00:00,8974,CLOSED
787,2013-07-29 00:00:00,1150,CLOSED
788,2013-07-29 00:00:00,5625,PENDING
789,2013-07-29 00:00:00,17,COMPLETE
790,2013-07-29 00:00:00,103,PENDING_PAYMENT
791,2013-07-29 00:00:00,9961,PROCESSING
792,2013-07-29 00:00:00,12218,PENDING
793,2013-07-29 00:00:00,11007,PROCESSING
794,2013-07-29 00:00:00,7683,COMPLETE
795,2013-07-29 00:00:00,7219,COMPLETE
796,2013-07-29 00:00:00,11292,ON_HOLD
797,2013-07-29 00:00:00,6527,PROCESSING
798,2013-07-29 00:00:00,8709,COMPLETE
799,2013-07-29 00:00:00,4675,PENDING_PAYMENT
800,2013-07-29 00:00:00,9946,COMPLETE
801,2013-07-29 00:00:00,532,PENDING_PAYMENT
802,2013-07-29 00:00:00,1670,COMPLETE
803,2013-07-29 00:00:00,5569,PENDING_PAYMENT
804,2013-07-29 00:00:00,2697,CLOSED
805,2013-07-29 00:00:00,8259,PENDING_PAYMENT
806,2013-07-29 00:00:00,11113,COMPLETE
807,2013-07-29 00:00:00,1231,COMPLETE
808,2013-07-29 00:00:00,10509,PENDING_PAYMENT
809,2013-07-29 00:00:00,7725,PROCESSING
810,2013-07-29 00:00:00,2484,PENDING
811,2013-07-29 00:00:00,10491,PENDING_PAYMENT
812,2013-07-29 00:00:00,7073,PENDING_PAYMENT
813,2013-07-29 00:00:00,2027,PENDING_PAYMENT
814,2013-07-29 00:00:00,11988,COMPLETE
815,2013-07-29 00:00:00,11713,PENDING_PAYMENT
816,2013-07-29 00:00:00,794,PENDING_PAYMENT
817,2013-07-29 00:00:00,9975,CLOSED
818,2013-07-29 00:00:00,8459,SUSPECTED_FRAUD
819,2013-07-29 00:00:00,1714,COMPLETE
820,2013-07-29 00:00:00,768,PENDING
821,2013-07-29 00:00:00,8384,COMPLETE
822,2013-07-29 00:00:00,1492,COMPLETE
823,2013-07-29 00:00:00,9469,CLOSED
824,2013-07-29 00:00:00,277,PENDING_PAYMENT
825,2013-07-29 00:00:00,7429,PENDING
826,2013-07-29 00:00:00,3744,COMPLETE
827,2013-07-29 00:00:00,11167,PENDING_PAYMENT
828,2013-07-29 00:00:00,2606,PENDING
829,2013-07-29 00:00:00,8977,PENDING_PAYMENT
830,2013-07-29 00:00:00,9103,SUSPECTED_FRAUD
831,2013-07-29 00:00:00,12064,COMPLETE
832,2013-07-29 00:00:00,132,COMPLETE
833,2013-07-29 00:00:00,4076,PENDING_PAYMENT
834,2013-07-29 00:00:00,481,PROCESSING
835,2013-07-29 00:00:00,10640,COMPLETE
836,2013-07-29 00:00:00,2372,PROCESSING
837,2013-07-29 00:00:00,7715,PENDING_PAYMENT
838,2013-07-29 00:00:00,3469,PENDING
839,2013-07-29 00:00:00,377,COMPLETE
840,2013-07-29 00:00:00,5123,COMPLETE
841,2013-07-29 00:00:00,8410,PENDING_PAYMENT
842,2013-07-29 00:00:00,4038,PENDING_PAYMENT
843,2013-07-29 00:00:00,8345,ON_HOLD
844,2013-07-29 00:00:00,6061,PENDING_PAYMENT
845,2013-07-29 00:00:00,5715,PROCESSING
846,2013-07-29 00:00:00,5643,PENDING
847,2013-07-29 00:00:00,12163,PENDING
848,2013-07-29 00:00:00,6018,COMPLETE
849,2013-07-29 00:00:00,8663,PROCESSING
850,2013-07-29 00:00:00,7382,PENDING
851,2013-07-29 00:00:00,11798,CLOSED
852,2013-07-29 00:00:00,11564,PENDING_PAYMENT
853,2013-07-29 00:00:00,5542,PENDING_PAYMENT
854,2013-07-29 00:00:00,4186,COMPLETE
855,2013-07-29 00:00:00,4535,PENDING_PAYMENT
856,2013-07-29 00:00:00,9876,PROCESSING
857,2013-07-29 00:00:00,833,PAYMENT_REVIEW
858,2013-07-29 00:00:00,9137,COMPLETE
859,2013-07-29 00:00:00,3432,COMPLETE
860,2013-07-29 00:00:00,9725,COMPLETE
861,2013-07-29 00:00:00,3164,COMPLETE
862,2013-07-29 00:00:00,1299,COMPLETE
863,2013-07-29 00:00:00,6081,COMPLETE
864,2013-07-29 00:00:00,12342,COMPLETE
865,2013-07-29 00:00:00,7052,CLOSED
866,2013-07-29 00:00:00,6788,ON_HOLD
867,2013-07-29 00:00:00,6669,COMPLETE
868,2013-07-29 00:00:00,2957,PROCESSING
869,2013-07-29 00:00:00,8657,PENDING_PAYMENT
870,2013-07-29 00:00:00,6516,PENDING
871,2013-07-29 00:00:00,6923,COMPLETE
872,2013-07-29 00:00:00,6440,COMPLETE
873,2013-07-29 00:00:00,2117,PROCESSING
874,2013-07-29 00:00:00,6230,PENDING_PAYMENT
875,2013-07-29 00:00:00,8330,PROCESSING
876,2013-07-29 00:00:00,7325,PENDING_PAYMENT
877,2013-07-29 00:00:00,5012,PENDING_PAYMENT
878,2013-07-30 00:00:00,207,COMPLETE
879,2013-07-30 00:00:00,3031,COMPLETE
880,2013-07-30 00:00:00,5400,COMPLETE
881,2013-07-30 00:00:00,3291,COMPLETE
882,2013-07-30 00:00:00,4102,COMPLETE
883,2013-07-30 00:00:00,4305,COMPLETE
884,2013-07-30 00:00:00,4909,COMPLETE
885,2013-07-30 00:00:00,7706,COMPLETE
886,2013-07-30 00:00:00,2124,COMPLETE
887,2013-07-30 00:00:00,4254,PROCESSING
888,2013-07-30 00:00:00,6610,PENDING_PAYMENT
889,2013-07-30 00:00:00,3677,COMPLETE
890,2013-07-30 00:00:00,8908,COMPLETE
891,2013-07-30 00:00:00,5609,COMPLETE
892,2013-07-30 00:00:00,9537,PENDING
893,2013-07-30 00:00:00,3106,COMPLETE
894,2013-07-30 00:00:00,2759,PROCESSING
895,2013-07-30 00:00:00,7575,PENDING
896,2013-07-30 00:00:00,478,PENDING_PAYMENT
897,2013-07-30 00:00:00,9070,CLOSED
898,2013-07-30 00:00:00,5271,ON_HOLD
899,2013-07-30 00:00:00,7707,PENDING
900,2013-07-30 00:00:00,8585,CLOSED
901,2013-07-30 00:00:00,10184,PENDING_PAYMENT
902,2013-07-30 00:00:00,1641,PROCESSING
903,2013-07-30 00:00:00,2199,PENDING
904,2013-07-30 00:00:00,5854,CLOSED
905,2013-07-30 00:00:00,5460,CLOSED
906,2013-07-30 00:00:00,7141,PROCESSING
907,2013-07-30 00:00:00,10661,COMPLETE
908,2013-07-30 00:00:00,8964,PROCESSING
909,2013-07-30 00:00:00,8670,SUSPECTED_FRAUD
910,2013-07-30 00:00:00,2762,COMPLETE
911,2013-07-30 00:00:00,3608,COMPLETE
912,2013-07-30 00:00:00,3076,PENDING_PAYMENT
913,2013-07-30 00:00:00,6408,PENDING
914,2013-07-30 00:00:00,6484,COMPLETE
915,2013-07-30 00:00:00,8495,PENDING
916,2013-07-30 00:00:00,48,PENDING
917,2013-07-30 00:00:00,9901,COMPLETE
918,2013-07-30 00:00:00,780,PENDING_PAYMENT
919,2013-07-30 00:00:00,10890,COMPLETE
920,2013-07-30 00:00:00,12019,COMPLETE
921,2013-07-30 00:00:00,12,PENDING_PAYMENT
922,2013-07-30 00:00:00,3160,PROCESSING
923,2013-07-30 00:00:00,5511,COMPLETE
924,2013-07-30 00:00:00,6615,PENDING_PAYMENT
925,2013-07-30 00:00:00,937,COMPLETE
926,2013-07-30 00:00:00,8052,ON_HOLD
927,2013-07-30 00:00:00,2520,COMPLETE
928,2013-07-30 00:00:00,2487,COMPLETE
929,2013-07-30 00:00:00,8482,CANCELED
930,2013-07-30 00:00:00,954,PENDING_PAYMENT
931,2013-07-30 00:00:00,10514,COMPLETE
932,2013-07-30 00:00:00,7231,SUSPECTED_FRAUD
933,2013-07-30 00:00:00,446,COMPLETE
934,2013-07-30 00:00:00,2931,COMPLETE
935,2013-07-30 00:00:00,10086,PENDING_PAYMENT
936,2013-07-30 00:00:00,7202,COMPLETE
937,2013-07-30 00:00:00,6899,PROCESSING
938,2013-07-30 00:00:00,7802,COMPLETE
939,2013-07-30 00:00:00,2964,CLOSED
940,2013-07-30 00:00:00,5098,SUSPECTED_FRAUD
941,2013-07-30 00:00:00,842,COMPLETE
942,2013-07-30 00:00:00,9704,COMPLETE
943,2013-07-30 00:00:00,2346,COMPLETE
944,2013-07-30 00:00:00,2917,ON_HOLD
945,2013-07-30 00:00:00,9732,COMPLETE
946,2013-07-30 00:00:00,10961,COMPLETE
947,2013-07-30 00:00:00,2637,CLOSED
948,2013-07-30 00:00:00,4289,PENDING_PAYMENT
949,2013-07-30 00:00:00,2674,CLOSED
950,2013-07-30 00:00:00,4151,PENDING_PAYMENT
951,2013-07-30 00:00:00,3129,CLOSED
952,2013-07-30 00:00:00,2250,COMPLETE
953,2013-07-30 00:00:00,368,PENDING_PAYMENT
954,2013-07-30 00:00:00,5066,PENDING_PAYMENT
955,2013-07-30 00:00:00,8117,CANCELED
956,2013-07-30 00:00:00,4484,PENDING_PAYMENT
957,2013-07-30 00:00:00,9879,PENDING
958,2013-07-30 00:00:00,12050,COMPLETE
959,2013-07-30 00:00:00,8993,PENDING_PAYMENT
960,2013-07-30 00:00:00,1463,COMPLETE
961,2013-07-30 00:00:00,5079,PENDING_PAYMENT
962,2013-07-30 00:00:00,9492,CANCELED
963,2013-07-30 00:00:00,10558,SUSPECTED_FRAUD
964,2013-07-30 00:00:00,3397,COMPLETE
965,2013-07-30 00:00:00,1907,ON_HOLD
966,2013-07-30 00:00:00,11298,COMPLETE
967,2013-07-30 00:00:00,1706,PENDING
968,2013-07-30 00:00:00,7845,ON_HOLD
969,2013-07-30 00:00:00,9247,COMPLETE
970,2013-07-30 00:00:00,7623,PENDING
971,2013-07-30 00:00:00,9478,PENDING_PAYMENT
972,2013-07-30 00:00:00,10255,CLOSED
973,2013-07-30 00:00:00,5118,PENDING
974,2013-07-30 00:00:00,6413,CLOSED
975,2013-07-30 00:00:00,638,PENDING_PAYMENT
976,2013-07-30 00:00:00,1088,PENDING_PAYMENT
977,2013-07-30 00:00:00,7817,COMPLETE
978,2013-07-30 00:00:00,4130,PROCESSING
979,2013-07-30 00:00:00,11323,COMPLETE
980,2013-07-30 00:00:00,7473,PROCESSING
981,2013-07-30 00:00:00,5411,COMPLETE
982,2013-07-30 00:00:00,2873,SUSPECTED_FRAUD
983,2013-07-30 00:00:00,9514,CLOSED
984,2013-07-30 00:00:00,12350,ON_HOLD
985,2013-07-30 00:00:00,5389,COMPLETE
986,2013-07-30 00:00:00,7820,PROCESSING
987,2013-07-30 00:00:00,7418,COMPLETE
988,2013-07-30 00:00:00,2491,COMPLETE
989,2013-07-30 00:00:00,370,PENDING
990,2013-07-30 00:00:00,7254,COMPLETE
991,2013-07-30 00:00:00,7317,PENDING_PAYMENT
992,2013-07-30 00:00:00,7107,COMPLETE
993,2013-07-30 00:00:00,5122,SUSPECTED_FRAUD
994,2013-07-30 00:00:00,4979,PROCESSING
995,2013-07-30 00:00:00,10907,COMPLETE
996,2013-07-30 00:00:00,12221,CLOSED
997,2013-07-30 00:00:00,8786,COMPLETE
998,2013-07-30 00:00:00,1739,PENDING_PAYMENT
999,2013-07-30 00:00:00,9358,PROCESSING
1000,2013-07-30 00:00:00,2321,CLOSED
